AoA_deg,AoS_deg,RunSuccessful,DynamicPressure_Pa,AreaProj_m2,AreaRef_m2,CD_ADBSat,CD_projected,Drag_N,CFx_B,CFy_B,CFz_B,CMx_B,CMy_B,CMz_B,Mx_Nm,My_Nm,Mz_Nm,MomentMagnitude_Nm,ForceCoefficientMagnitude,DragRatioToNominal
-90,0,1,0.00015407609581726,0.78468107607858,0.843762977802813,1.98483952343711,2.134286346149,0.000258036492700972,-2.11141805379223e-09,2.12901305176612e-15,1.98483952343711,-3.5052585421128e-14,0.011913171849084,2.39169871325003e-14,-4.55538062065492e-18,1.54821767124596e-06,3.10821522517921e-18,1.54821767124596e-06,1.98483952343711,6.67023205370142
-75,0,1,0.00015407609581726,0.759731918265894,0.843762977802813,1.91654299886939,2.1285245346862,0.000249157691440201,-0.468145226810765,3.38862263733896e-06,1.85871217999676,-5.41019539291702e-07,0.0102341980309595,-1.96007916323878e-07,-7.03100754216995e-11,1.33002079070827e-06,-2.54728903100697e-11,1.33002079281063e-06,1.91676052793913,6.44071542933515
-60,0,1,0.00015407609581726,0.683650916133158,0.843762977802813,1.71548451185997,2.11725353677379,0.000223019343123842,-0.814001405526609,-3.56515895692431e-06,1.51090695882445,-1.30172856322993e-06,0.00758338302203168,-5.50347397744451e-07,-1.69170661708633e-10,9.85524909005556e-07,-7.15223097010646e-11,9.85524926120371e-07,1.71622787718768,5.76504026825382
-45,0,1,0.00015407609581726,0.564712699566389,0.843762977802813,1.40565837358363,2.10025823038702,0.000182740797113497,-0.951851305711348,-1.08704455043411e-08,1.03604983027392,6.23015118981141e-08,0.00439921127430893,8.21818378292409e-08,8.09660960891934e-12,5.71714797764228e-07,1.06802264916949e-11,5.71714797921319e-07,1.40691867533096,4.72384161506163
-30,0,1,0.00015407609581726,0.409436270811652,0.843762977802813,1.00953888444942,2.08044962323972,0.000131243795738953,-0.847492547588366,-1.55516211074903e-07,0.55117761743981,3.03802802057698e-07,0.00105487399750573,6.17571905047546e-07,3.94817495019962e-11,1.37089818275542e-07,8.02587042957129e-11,1.37089847454468e-07,1.01096012986886,3.39264638123066
-20,0,1,0.00015407609581726,0.294092467608065,0.843762977802813,0.721741225678599,2.07070426092384,9.38290336889834e-05,-0.663792802699452,-1.52287622158793e-05,0.286474434804946,-2.91154014496963e-06,-0.000488215709326229,-3.91365545101354e-06,-3.78379323331142e-10,-6.34477700929722e-08,-5.08612702409153e-10,6.34509368533202e-08,0.722971982129544,2.42547641819551
-10,0,1,0.00015407609581726,0.177670529218304,0.843762977802813,0.439611700626989,2.08772990788037,5.71511500252993e-05,-0.428636210767325,-1.33930062248679e-08,0.100706136260724,-8.04142409258474e-07,-0.00166424276891683,-2.85833121715951e-06,-1.04505122899574e-10,-2.16282455816204e-07,-3.71464372103438e-10,2.16282800058138e-07,0.440307536912025,1.47735472922592
0,0,1,0.00015407609581726,0.09812405169075,0.843762977802813,0.297566787400701,2.55875938983572,3.86847849705294e-05,-0.297566787400701,-4.16658706398641e-05,-0.000225749070484485,-3.23282994154757e-06,0.00113752152590754,-2.61143681390394e-05,-4.20133656010498e-10,1.4783056520486e-07,-3.39378351445439e-09,1.47870112895136e-07,0.297566875950032,1
10,0,1,0.00015407609581726,0.177898860774193,0.843762977802813,0.43966509009262,2.0853035485335,5.71580908536615e-05,-0.428459080884173,1.10955227431853e-14,-0.102018147425543,4.76476930314024e-14,0.00135663962091854,-1.8788214027438e-13,6.19222162492287e-18,1.76306819143216e-07,-2.44168768292109e-17,1.76306819143216e-07,0.440437153741882,1.47753414933559
20,0,1,0.00015407609581726,0.291516223869778,0.843762977802813,0.714966848953071,2.06939617114558,9.29483396127877e-05,-0.657070669267772,-4.44330515903469e-15,-0.285136392140589,7.60916991207969e-14,0.00102187101674507,-1.8327019866868e-13,9.88876133966008e-18,1.32800801155273e-07,-2.38175159215407e-17,1.32800801155273e-07,0.716271335832273,2.40271051483411
30,0,1,0.00015407609581726,0.406435016758127,0.843762977802813,1.00185250508796,2.07985537209577,0.000130244537940737,-0.84017099786825,-4.83409670001473e-15,-0.548486154822265,1.08555464774691e-13,-0.000436872711128811,-1.78943654139057e-13,1.41077028858119e-17,-5.67753122361585e-08,-2.32552447832535e-17,5.67753122361585e-08,1.00335655062926,3.36681561083923
45,0,1,0.00015407609581726,0.56165407521864,0.843762977802813,1.39813702556036,2.10039651115136,0.000181762994000756,-0.945671445051937,9.15973086102786e-10,-1.0315928985515,-9.89049642263959e-11,-0.00368624638837659,1.54592656756811e-10,-1.28535385310529e-14,-4.79058966944229e-07,2.00906262469604e-14,4.7905896694423e-07,1.39945646246266,4.69856544735161
60,0,1,0.00015407609581726,0.682350406571459,0.843762977802813,1.71253375698871,2.11764009879476,0.000222635734056807,-0.811624130603975,5.2949318189454e-16,-1.5088722409025,1.95219439587129e-13,-0.00723223202182407,-1.33661732850003e-13,2.53704210741126e-17,-9.39889859777343e-07,-1.73704752511938e-17,9.39889859777343e-07,1.71330942002453,5.75512399064423
75,0,1,0.00015407609581726,0.758606954659773,0.843762977802813,1.91397049673509,2.12881972124315,0.000248823256630555,-0.466901178101312,-4.46563397699222e-15,-1.85638227166011,4.09606937329831e-14,-0.0101853004156503,-3.53120666859681e-14,5.32318937955842e-18,-1.32366613108759e-06,-4.58910241067624e-18,1.32366613108759e-06,1.91419744244066,6.43207030412892
90,0,1,0.00015407609581726,0.78468107607858,0.843762977802813,1.98404092170657,2.13342761437276,0.000257932671516852,3.51606456750206e-05,3.10315559637852e-07,-1.98404092170657,1.12755354128729e-06,-0.01190110863846,9.71382535699831e-09,1.46535141103599e-10,-1.54664995476401e-06,1.26239395046234e-12,1.54664996170616e-06,1.98404092201815,6.66754828063147
0,-90,1,0.00015407609581726,0.0985296132141901,0.843762977802813,0.298896466938359,2.55961395535377,3.88576482374395e-05,2.80763818285631e-06,0.298896466938359,-0.000184623746058774,0.0012327592409592,-2.9683687739475e-06,-0.00178279002061603,1.60207513617924e-07,-3.85764685410259e-10,-2.31688676114491e-07,2.81684644369755e-07,0.298896523971163,1.0044685078912
0,-75,1,0.00015407609581726,0.0968534094633882,0.843762977802813,0.294706985858884,2.56741446011337,3.83130001733417e-05,-0.076271425306546,0.284666255843694,-0.000191246405336887,0.00088660704937086,0.00023497395807363,-0.00170060319231663,1.15222101945315e-07,3.05368577554914e-08,-2.21007801068894e-07,2.51103724766447e-07,0.29470704794685,0.990389379248948
0,-60,1,0.00015407609581726,0.096878198977205,0.843762977802813,0.294823428095403,2.5677716580419,3.83281380955559e-05,-0.147411713888115,0.255324578453571,-0.000169962461272218,0.000805172589857812,0.000462424795108861,-0.00152456970035443,1.04639003601429e-07,6.00960221575986e-08,-1.98130756530334e-07,2.31984158159882e-07,0.294823477086143,0.990780693876282
0,-45,1,0.00015407609581726,0.0972473922985845,0.843762977802813,0.295676300808395,2.56542319684847,3.84390147084922e-05,-0.209066884572352,0.209082550103187,-0.000191143015591127,0.000702891523245251,0.000699776976545553,-0.00124424018699464,9.1346711945649e-08,9.09419501996187e-08,-1.61699559880654e-07,2.06788316292262e-07,0.29567636279908,0.993646849472617
0,-30,1,0.00015407609581726,0.0968633117611678,0.843762977802813,0.294922675232469,2.56903083480449,3.83410405911264e-05,-0.255410528958026,0.147461337521595,-0.000154516296749579,0.000468689357545219,0.000809015085310196,-0.000879128030019881,6.09101551516878e-08,1.05138368458784e-07,-1.14250139980066e-07,1.66784945388492e-07,0.294922715709663,0.991114222822618
0,-20,1,0.00015407609581726,0.0968715769825077,0.843762977802813,0.294370825138485,2.56400496135176,3.82692980340748e-05,-0.276618092165486,0.100680751782249,-0.000240401449811521,0.000306773423125067,0.000836570561440103,-0.000593658497731119,3.98678068920295e-08,1.08719436173105e-07,-7.7150954297979e-08,1.39146065619071e-07,0.294370923301826,0.98925968085977
0,-10,1,0.00015407609581726,0.0968765438172009,0.843762977802813,0.29448141043789,2.56483666724833,3.82836745327619e-05,-0.290007576131971,0.0511361601955828,-0.000223192052110056,0.000155991416410556,0.000884653502200559,-0.000308397739220097,2.02724069214263e-08,1.14968221930069e-07,-4.00789005381107e-08,1.23430064427161e-07,0.294481495018246,0.989631312722222
0,10,1,0.00015407609581726,0.096876543817201,0.843762977802813,0.294458887716055,2.56464050171543,3.82807464954674e-05,-0.289985395580976,-0.0511322491654875,-0.000226697348226541,-0.000155835058664369,0.000883468144616729,0.000308064566945808,-2.02520869068449e-08,1.14814174663624e-07,4.00356019767236e-08,1.2326918168549e-07,0.294458974980666,0.989555623086186
0,20,1,0.00015407609581726,0.0968715769825077,0.843762977802813,0.294370817184518,2.56400489207176,3.82692970000296e-05,-0.276618084691341,-0.10068074906145,-0.000240402686202568,-0.000305417415843212,0.000836921204189545,0.000602616429584324,-3.96915822507081e-08,1.08765005170838e-07,7.83151134798191e-08,1.39780202642342e-07,0.294370915348871,0.989259654129747
0,30,1,0.00015407609581726,0.0968633117611678,0.843762977802813,0.294359545118933,2.56412548588705,3.82678315897359e-05,-0.254922843974199,-0.1471797724646,-0.000242158377667922,-0.000444376088559423,0.000771798173436942,0.000894853745289002,-5.77504397403416e-08,1.00301715268407e-07,1.16293829988156e-07,1.64072551846132e-07,0.29435964472615,0.989221773337732
0,45,1,0.00015407609581726,0.0968534072520721,0.843762977802813,0.294619362725309,2.56665116761966,3.83016088412968e-05,-0.208327371314896,-0.208327327188954,-0.000200516262772017,-0.000640715291774257,0.000642550808791521,0.00126418945576087,-8.32663835902519e-08,8.35049245865541e-08,1.64292136469288e-07,2.02233204919589e-07,0.294619430960416,0.990094913813673
0,60,1,0.00015407609581726,0.0968781989772049,0.843762977802813,0.295232896353786,2.57133793157564,3.83813704863956e-05,-0.147616448017075,-0.255679188367508,-0.000106235355726499,-0.000833196420311103,0.000479886324332234,0.00153170319659253,-1.08280937930373e-07,6.23652959037574e-08,1.99057814838021e-07,2.35028094704298e-07,0.295232915467426,0.992156748851906
0,75,1,0.00015407609581726,0.0968534094631739,0.843762977802813,0.294578910851243,2.5662987022905,3.82963499477772e-05,-0.0762382789481579,-0.284542544378939,-0.000211161642162799,-0.000875724068113463,0.000234015896420526,0.00171275464663869,-1.13807766274514e-07,3.04123495220613e-08,2.22586985567454e-07,2.51837417418167e-07,0.294578986568725,0.989958971646137
0,90,1,0.00015407609581726,0.09746372818797,0.843762977802813,0.295970435878709,2.56227522752859,3.84772533575255e-05,1.67008258700844e-05,-0.295970435878709,-0.000222546724326254,-0.00101647687325435,-4.38569016157499e-07,0.00177864119484696,-1.3209978648182e-07,-5.69957614544279e-11,2.31149501035682e-07,2.66233823294682e-07,0.295970520018793,0.994635316878148
-60,-60,1,0.00015407609581726,0.360170389935712,0.843762977802813,0.885932602581579,2.07545415107626,0.000115174521083562,-0.215556150717248,0.746740665728186,0.428040973238908,-0.00216911594833462,0.00194301090561536,-0.00448235486825069,-2.81895005355045e-07,2.52510738332765e-07,-5.82520012615673e-07,6.94662531100709e-07,0.887302175549865,2.97725633401617
-60,-30,1,0.00015407609581726,0.596753214797834,0.843762977802813,1.48857641590184,2.10473213754514,0.000193520449860623,-0.615747997755307,0.711008186420604,1.15526082466505,-0.00133651563955365,0.00577398876167376,-0.00426604406111572,-1.73691537171326e-07,7.50378786409117e-07,-5.5440858953454e-07,9.49002611865445e-07,1.48973346975309,5.00249516723564
-60,30,1,0.00015407609581726,0.596757549277465,0.843762977802813,1.48858701961848,2.10473184279385,0.000193521828383077,-0.615752274897558,-0.711013350790503,1.15526905063141,0.00133623271549488,0.00577444659910674,0.00426622611382437,1.73654768791506e-07,7.50438286264679e-07,5.54432248827313e-07,9.4905675212582e-07,1.48974408150885,5.0025308019808
-60,60,1,0.00015407609581726,0.360173051876063,0.843762977802813,0.88594004101442,2.07545623768182,0.000115175488107394,-0.21555780646025,-0.746746948644199,0.428044629788024,0.00216909279974246,0.00194443789268352,0.00448547048517045,2.8189199699926e-07,2.52696187399022e-07,5.82924913445872e-07,6.95068281404143e-07,0.887309629343525,2.97728133153993
-30,-60,1,0.00015407609581726,0.227027286302173,0.843762977802813,0.557759599691119,2.07295302868173,7.25108146906339e-05,-0.237855483059509,0.475693107882342,0.171211353921445,-0.00254981780226567,-0.000260234020947129,-0.00281978611540696,-3.31370438530926e-07,-3.38196170586355e-08,-3.66455109379014e-07,4.95216600307538e-07,0.558723985004983,1.87440138922508
-30,-30,1,0.00015407609581726,0.359627140967722,0.843762977802813,0.884599728855504,2.07546210048055,0.000115001242560322,-0.645720625766531,0.430492339865006,0.427384898386112,-0.00131410738492675,0.000553952269580725,-0.00254475524169557,-1.70779394524964e-07,7.19907933551407e-08,-3.30712515868879e-07,3.79102946538983e-07,0.885966496314209,2.97277709176699
-30,30,1,0.00015407609581726,0.359629170278008,0.843762977802813,0.884605570839369,2.07546409557208,0.000115002002039871,-0.645724873702667,-0.430495193166205,0.427387737520297,0.00131501603884182,0.000554963833669107,0.00254777529325815,1.70897481804001e-07,7.21222546835821e-08,3.31104997170793e-07,3.79523501326418e-07,0.885972348349683,2.97279672428014
-30,60,1,0.00015407609581726,0.226874625475228,0.843762977802813,0.557378259559478,2.07292965911609,7.24612390604972e-05,-0.237676034440964,-0.475368729404965,0.17112048752695,0.00258024630494596,-0.000278146591917415,0.00281616453033629,3.35324880400478e-07,-3.61475075033432e-08,3.65984453698447e-07,4.97688695936777e-07,0.558343574777336,1.87311986135374
30,-60,1,0.00015407609581726,0.227627100112348,0.843762977802813,0.558620488477546,2.07068177113726,7.26227334228197e-05,-0.238037323431934,0.476086516283418,-0.172977145625675,0.00217357520867548,4.81050340267756e-05,-0.0028574977190863,2.8247452403805e-07,6.25165696420882e-09,-3.71356051963156e-07,4.66622178293085e-07,0.559679579082823,1.87729448355845
30,-30,1,0.00015407609581726,0.357150410882899,0.843762977802813,0.878099614934115,2.0744983719121,0.000114156203664922,-0.640363239698799,0.426915348498074,-0.425783147019251,0.00158317512938737,-0.000181505672582656,-0.00256228271162,2.05747028838765e-07,-2.35882007985521e-08,-3.32990359168128e-07,3.92136229379295e-07,0.879552773758569,2.95093287327014
30,30,1,0.00015407609581726,0.357150410882899,0.843762977802813,0.878099614934207,2.07449837191232,0.000114156203664934,-0.640363239698866,-0.42691534849812,-0.425783147019296,-0.00158317512922101,-0.000181505672492871,0.00256228271125747,-2.05747028817144e-07,-2.35882007868838e-08,3.32990359121013e-07,3.92136229327241e-07,0.879552773758661,2.95093287327045
30,60,1,0.00015407609581726,0.227627100112348,0.843762977802813,0.558620488477555,2.0706817711373,7.26227334228209e-05,-0.238037323431928,-0.476086516283424,-0.172977145625701,-0.00217357520874532,4.81050341598875e-05,0.00285749771885609,-2.82474524047127e-07,6.25165698150783e-09,3.71356051933238e-07,4.66622178275001e-07,0.559679579082834,1.87729448355848
60,-60,1,0.00015407609581726,0.357150411340108,0.843762977802813,0.878101888093741,2.07450373956505,0.000114156499184096,-0.213450363540063,0.739434860507396,-0.42578410000409,0.00274187221289212,-0.00176452058903653,-0.00443807515673296,3.56329537261251e-07,-2.29314408608463e-07,-5.76765488739254e-07,7.15691460142495e-07,0.879555041168698,2.95094051242787
60,-30,1,0.00015407609581726,0.594140605390107,0.843762977802813,1.48222078442891,2.10496137022953,0.00019269419421889,-0.61241025949319,0.707148532428606,-1.15128679611327,0.00178789461535622,-0.00536166209953211,-0.00424438719531663,2.3235206147327e-07,-6.96793441318788e-07,-5.51594096235971e-07,9.18566615623568e-07,1.48343070608411,4.98113649502478
60,30,1,0.00015407609581726,0.594140605390107,0.843762977802813,1.4822207844291,2.10496137022979,0.000192694194218914,-0.612410259493266,-0.707148532428696,-1.1512867961134,-0.00178789461522705,-0.00536166209927575,0.00424438719504539,-2.32352061456484e-07,-6.96793441285471e-07,5.51594096200721e-07,9.18566615572881e-07,1.48343070608429,4.98113649502539
60,60,1,0.00015407609581726,0.357150411340108,0.843762977802813,0.878101888093913,2.07450373956545,0.000114156499184119,-0.213450363540105,-0.739434860507547,-0.42578410000416,-0.002741872212799,-0.00176452058888911,0.00443807515640877,-3.56329537249148e-07,-2.29314408589305e-07,5.76765488697124e-07,7.15691460096379e-07,0.879555041168869,2.95094051242845
